ID,AUTHOR,FILENAME,DATEEXECUTED,ORDEREXECUTED,EXECTYPE,MD5SUM,DESCRIPTION,COMMENTS,TAG,LIQUIBASE,CONTEXTS,LABELS,DEPLOYMENT_ID
"ChangeSet_1","JBLAGOEV","tdchanges/SQLChange_1.sql","2022-05-24 09:18:51.0560000",1,"EXECUTED","8:ff86fa6d0ae46dd53e9e1c09f2f12761","sql","Initial creation of table TUPLES and TUPLES_VIEW",,"4.8.0",,,"3409130846"
"ChangeSet_3","MDASILVA","tdchanges/SQLChange_1.sql","2022-06-02 09:19:53.7010000",2,"EXECUTED","8:ff86fa6d0ae46dd53e9e1c09f2f12761","sql","Initial creation of table TUPLES and TUPLES_VIEW",,"4.8.0",,,"4186793636"
"5","Philip Holtom (philip.holtom@opensymmetry.com)","DI Code/Deploy2.sql","2022-07-21 04:43:18.9300000",3,"EXECUTED","8:468a1db43ba661aacfb55c05162b35a4","sql","Initial creation of table PHDeployTest2",,"4.8.0",,,"8403798814"
"DEMO_SQL_1","JBLAGOEV","demo_sql_changes/SQLChange_1.sql","2022-09-15 08:37:30.9100000",4,"EXECUTED","8:b44b6ca178243b76e3b3d898a5292e01","sql","Initial creation of table TABLE_DEMO_SQL",,"4.8.0",,,"3256250889"
"DEMO_SQL_2","JBLAGOEV","demo_sql_changes/SQLChange_1.sql","2022-09-15 08:37:30.9260000",5,"EXECUTED","8:a46f0242c10b60ebb00cc9cae0969166","sql","Initial creation of a sequence SEQ_DEMO_SQL",,"4.8.0",,,"3256250889"
"DEMO_SQL_3","JBLAGOEV","demo_sql_changes/SQLChange_2.sql","2022-09-15 08:37:30.9520000",6,"EXECUTED","8:4879cf501e2fb920e26d5efdc25fd3f0","sql","Initial creation of procedure PROC_DEMO_SQL",,"4.8.0",,,"3256250889"
"9998","yogananda","folder1/CR1.sql","2022-10-19 10:33:01.6160000",7,"EXECUTED","8:1a554a7588e23a332d14871645122d9b","sql","Initial creation of table Yogananda",,"4.8.0",,,"6200781453"
"DEMO_SQL_4","JBLAGOEV","demo_sql_changes/SQLChange_2.sql","2022-11-29 06:39:03.7560000",8,"EXECUTED","8:83040a229f70b717842c189ea95414f1","sql","update on procedure PROC_DEMO_SQL",,"4.8.0",,,"9732743660"
"raw","includeAll","demo_sql_changes/SQLChange_1.sql","2023-12-05 10:17:10.2680000",9,"EXECUTED","8:92c0c2820f744dce12ef3b855507c167","sql","",,"4.8.0",,,"1800264348"
"raw","includeAll","demo_sql_changes/SQLChange_3.sql","2023-12-05 17:50:27.9100000",10,"EXECUTED","8:8fe544425443fd7557c44a9a3e5299e5","sql","",,"4.8.0",,,"1827462524"
"raw","includeAll","demo_sql_changes/SQLChange_4.sql","2023-12-05 17:52:44.9380000",11,"EXECUTED","8:e66338ff834c6f94290b1ac859b7e025","sql","",,"4.8.0",,,"1827599556"
"DEMO_SQL_4","NPRACHAND","demo_sql_changes/SQLChange_4.sql","2023-12-05 19:15:38.8360000",12,"EXECUTED","8:7b232b1e1452e02958836f8f02e87c70","sql","Initial creation of table TABLE_DEMO_SQL_SAP_OLD",,"4.8.0",,,"1832573545"
"DEMO_SQL_4","NPRACHAND","demo_sql_changes/SQLChange_5.sql","2023-12-05 20:35:15.8870000",13,"EXECUTED","8:7b232b1e1452e02958836f8f02e87c70","sql","Initial creation of table TABLE_DEMO_SQL_SAP_OLD",,"4.8.0",,,"1837350678"
"DEMO_SQL_5","NPRACHAND","demo_sql_changes/SQLChange_6.sql","2023-12-05 20:37:31.5250000",14,"EXECUTED","8:7b232b1e1452e02958836f8f02e87c70","sql","Initial creation of table TABLE_DEMO_SQL_SAP_OLD",,"4.8.0",,,"1837486321"
"DEMO_SQL_6","NPRACHAND","demo_sql_changes/SQLChange_6.sql","2023-12-06 04:57:07.1450000",16,"RERAN","8:178defe96c70cf06c6b979a41cbeb524","sql","Initial creation of table TABLE_DEMO_SQL_SAP_OLD",,"4.8.0",,,"1867462451"
"DEMO_SQL_7","NPRACHAND","demo_sql_changes/SQLChange_6.sql","2023-12-06 05:05:27.3490000",17,"EXECUTED","8:2dabe6eb1f4dc2279401d8ae931a5451","sql","Initial creation of table TABLE_DEMO_SQL_SAP_OLD",,"4.8.0",,,"1867962677"
"raw","includeAll","demo_sql_changes/CR4.sql","2023-12-06 06:07:48.8090000",18,"EXECUTED","8:5a47fa9dad486a2dd4d6cc08a56b143e","sql","",,"4.8.0",,,"1871704202"
"9998","yogananda","sql_list/SQLChange_1.sql","2023-12-07 08:29:16.4790000",19,"EXECUTED","8:5ea0342637ee96ba3c177beb5b6da019","sql","Initial creation of table Shubham",,"4.8.0",,,"1966593534"
"999","shubham","sql_list/SQLChange_1.sql","2023-12-07 08:29:16.4980000",20,"EXECUTED","8:6aa0a8dc60b4d89a70960846136792e9","sql","Initial creation of table ShubhamPayments",,"4.8.0",,,"1966593534"
"1234","shubham0531","sql_0531_list/SQL_0531_Change_1.sql","2023-12-11 22:11:13.2340000",21,"EXECUTED","8:179f93f76541f103b315b6e4d431e6fe","sql","Initial creation of table Shubham",,"4.8.0",,,"2361517209"
"2345","shubham0531","sql_0531_list/SQL_0531_Change_1.sql","2023-12-11 22:11:13.2500000",22,"EXECUTED","8:c3af219c070edb54ca584e77549b05c1","sql","Initial creation of table ShubhamPayments",,"4.8.0",,,"2361517209"
"3456","shubham0531","sql_0531_list/SQL_0531_Change_2.sql","2023-12-11 22:44:02.2260000",23,"EXECUTED","8:1cb87b35eba0fe9e6b00df73c083931a","sql","Initial insertion of values in table Shubham_Names_0531",,"4.8.0",,,"2363486230"
"4567","shubham0531","sql_0531_list/SQL_0531_Change_2.sql","2023-12-11 22:50:09.9460000",24,"EXECUTED","8:b373da378e31a64e290ec368f8311860","sql","Updating of table Shubham_Names_0531",,"4.8.0",,,"2363853962"
"5678","shubham0531","sql_0531_list/SQL_0531_Change_2.sql","2023-12-11 22:50:09.9700000",25,"EXECUTED","8:50b9f5069ce1d919786bc3798480db32","sql","Initial insertion of values in table Shubham_Payments_0531",,"4.8.0",,,"2363853962"
"6789","shubham0531","sql_0531_list/SQL_0531_Change_3.sql","2023-12-11 22:50:09.9850000",26,"EXECUTED","8:564dc90903d9d7d3fe4aa1080a35cdd8","sql","Delete ID=1 in table Shubham_Names_0531",,"4.8.0",,,"2363853962"
"7890","shubham0531","sql_0531_list/SQL_0531_Change_3.sql","2023-12-11 22:50:10.0010000",27,"EXECUTED","8:5edbd7bdfe84074b4727fc0616d0da2d","sql","Delete ID=1 in table Shubham_Payments_0533",,"4.8.0",,,"2363853962"
"1111","shubham0531","sql0531list/SQL0531Change1.sql","2023-12-12 23:27:47.9040000",28,"EXECUTED","8:f1c74f25003af9dbe953f69b5b1bff09","sql","Initial creation of table Names_0531",,"4.8.0",,,"2452513472"
"2222","shubham0531","sql0531list/SQL0531Change1.sql","2023-12-12 23:27:47.9190000",29,"EXECUTED","8:2e72c9d87be70329c6b61a053819233e","sql","Initial creation of table Payments_0531",,"4.8.0",,,"2452513472"
"3333","shubham0531","sql0531list/SQL0531Change2.sql","2023-12-12 23:27:47.9430000",30,"EXECUTED","8:fe5c24e93d4f9c1a8932ef6998defb0f","sql","Initial insertion of values in table Names_0531",,"4.8.0",,,"2452513472"
"4444","shubham0531","sql0531list/SQL0531Change2.sql","2023-12-12 23:27:47.9580000",31,"EXECUTED","8:37f731f76ae631c8c08e6376382a4bcf","sql","Updating of table Names_0531",,"4.8.0",,,"2452513472"
"5555","shubham0531","sql0531list/SQL0531Change2.sql","2023-12-12 23:27:47.9840000",32,"EXECUTED","8:6ea7d2cbbda3fcf23ceb6179b8408b00","sql","Initial insertion of values in table Payments_0531",,"4.8.0",,,"2452513472"
"6666","shubham0531","sql0531list/SQL0531Change3.sql","2023-12-12 23:42:28.9200000",33,"EXECUTED","8:ee05764677eb64c641423972e02425fb","sql","Delete ID=3 in table Names_0531",,"4.8.0",,,"2453394508"
"7777","shubham0531","sql0531list/SQL0531Change3.sql","2023-12-12 23:42:28.9310000",34,"EXECUTED","8:0c3ecf152688d647e53afb2c51f31427","sql","Delete ID=3 in table Payments_0533","version1","4.8.0",,,"2453394508"
"8888","shubham0531","sql0531list/SQL0531Change1.sql","2023-12-13 05:52:17.8360000",35,"EXECUTED","8:8154a670e16a0f0d0a2aa1a13a035ea0","sql","Initial creation of table Names_0531","version1","4.8.0",,,"2475583830"
"1004","shubham0531","sql0531list_2/SQL0531Change1_2.sql","2023-12-14 12:36:44.8970000",40,"EXECUTED","8:24b302e0fdf3dfac8ccceed7e0dd01e4","sql","Updating of table Names","version1","4.8.0",,,"2586252800"
"1005","shubham0531","sql0531list_2/SQL0531Change1_2.sql","2023-12-18 02:29:25.6270000",45,"EXECUTED","8:24b302e0fdf3dfac8ccceed7e0dd01e4","sql","Updating of table Names","version2","4.8.0",,,"2895418889"
"1000","shubham0531","sql_list_1/SQL_Change_1.sql","2023-12-18 04:37:29.9180000",46,"EXECUTED","8:ea93ba2a77b7428897f9df2322c39c72","sql","Initial creation of table Names",,"4.8.0",,,"2903103311"
"1001","shubham0531","sql_list_1/SQL_Change_1.sql","2023-12-18 04:37:29.9420000",47,"EXECUTED","8:025000931573d0f8a2ca958b58cce06b","sql","Initial insertion of values in table Names","version1","4.8.0",,,"2903103311"
"1002","shubham0531","sql_list_2/SQL_Change_2.sql","2023-12-18 04:44:09.3120000",48,"EXECUTED","8:d2f1d0d54e4d21ba9f0efe734458c952","sql","Initial creation of table Payments",,"4.8.0",,,"2903502711"
"1003","shubham0531","sql_list_2/SQL_Change_2.sql","2023-12-18 04:44:09.3360000",49,"EXECUTED","8:39512636ec8b54ca93f4398d258de364","sql","Initial insertion of values in table Payments","version2","4.8.0",,,"2903502711"
